Date,Campaign,Channel,Region,Impressions,Clicks,Conversions,Spend,Revenue,CTR,CPC,ROAS
2025-11-04 12:03:36.438463,Brand Awareness,TikTok,Asia Pacific,478181,17243,1751,2034.87,129548.43,3.61,0.12,63.66
2025-11-04 12:03:36.438463,Brand Awareness,Instagram,Europe,168435,6579,281,3080.21,22353.89,3.91,0.47,7.26
2025-11-04 12:03:36.438463,Brand Awareness,LinkedIn,Latin America,143085,4769,590,3653.14,54633.09,3.33,0.77,14.96
2025-11-04 12:03:36.438463,Lead Generation,Instagram,Europe,164698,6979,811,1657.07,56513.84,4.24,0.24,34.1
2025-11-04 12:03:36.438463,Lead Generation,TikTok,Latin America,282893,8607,502,4672.6,63010.01,3.04,0.54,13.48
2025-11-04 12:03:36.438463,Lead Generation,Twitter,Latin America,253775,9767,214,431.62,31217.45,3.85,0.04,72.33
2025-11-04 12:03:36.438463,Lead Generation,Facebook,Asia Pacific,161318,2829,391,2497.78,65607.18,1.75,0.88,26.27
2025-11-04 12:03:36.438463,Retargeting,TikTok,Latin America,496220,13748,894,1665.97,103682.27,2.77,0.12,62.24
2025-11-04 12:03:36.438463,Retargeting,Twitter,North America,109059,3521,199,4380.47,26403.93,3.23,1.24,6.03
2025-11-04 12:03:36.438463,Retargeting,Facebook,Latin America,30602,981,112,1979.18,19548.61,3.21,2.02,9.88
2025-11-04 12:03:36.438463,Product Launch,Twitter,Europe,119498,3174,177,321.48,4542.75,2.66,0.1,14.13
2025-11-04 12:03:36.438463,Product Launch,LinkedIn,Europe,191156,2939,159,2355.19,24941.35,1.54,0.8,10.59
2025-11-04 12:03:36.438463,Product Launch,Instagram,North America,230676,5693,680,2613.85,15499.4,2.47,0.46,5.93
2025-11-04 12:03:36.438463,Holiday Sale,Instagram,Latin America,332362,5518,394,2116.22,21477.89,1.66,0.38,10.15
2025-11-04 12:03:36.438463,Holiday Sale,TikTok,Latin America,391718,12834,896,4868.46,156897.44,3.28,0.38,32.23
2025-11-04 12:03:36.438463,Holiday Sale,Google Ads,Latin America,180623,6477,874,4891.51,36602.18,3.59,0.76,7.48
2025-11-05 12:03:36.438463,Brand Awareness,Instagram,Europe,178184,3328,472,1940.06,40062.51,1.87,0.58,20.65
2025-11-05 12:03:36.438463,Brand Awareness,Twitter,North America,267486,7781,490,3315.62,88549.06,2.91,0.43,26.71
2025-11-05 12:03:36.438463,Brand Awareness,TikTok,North America,371155,9415,521,1261.46,37632.12,2.54,0.13,29.83
2025-11-05 12:03:36.438463,Brand Awareness,Google Ads,Asia Pacific,463605,18270,646,1155.37,19186.08,3.94,0.06,16.61
2025-11-05 12:03:36.438463,Lead Generation,Google Ads,North America,330050,10627,805,353.89,18580.06,3.22,0.03,52.5
2025-11-05 12:03:36.438463,Lead Generation,Facebook,North America,279861,3240,185,2357.86,29632.62,1.16,0.73,12.57
2025-11-05 12:03:36.438463,Retargeting,Twitter,Asia Pacific,288764,11881,1756,824.88,102862.73,4.11,0.07,124.7
2025-11-05 12:03:36.438463,Retargeting,Instagram,North America,355403,10489,1511,1880.36,120119.31,2.95,0.18,63.88
2025-11-05 12:03:36.438463,Retargeting,Google Ads,Europe,126088,6147,338,306.25,56407.99,4.88,0.05,184.19
2025-11-05 12:03:36.438463,Retargeting,TikTok,Latin America,414849,14512,1588,998.45,167397.31,3.5,0.07,167.66
2025-11-05 12:03:36.438463,Product Launch,Twitter,Asia Pacific,436687,16638,1279,1063.44,167963.87,3.81,0.06,157.94
2025-11-05 12:03:36.438463,Product Launch,LinkedIn,Latin America,265304,12532,847,2991.49,56032.14,4.72,0.24,18.73
2025-11-05 12:03:36.438463,Product Launch,Google Ads,Latin America,88543,987,68,4409.6,3005.51,1.11,4.47,0.68
2025-11-05 12:03:36.438463,Product Launch,Instagram,Europe,113570,4588,147,1211.08,6963.81,4.04,0.26,5.75
2025-11-05 12:03:36.438463,Holiday Sale,Google Ads,Latin America,55520,565,37,2049.08,5828.7,1.02,3.63,2.84
2025-11-05 12:03:36.438463,Holiday Sale,Instagram,Europe,63490,2269,335,1092.32,43699.27,3.57,0.48,40.01
2025-11-05 12:03:36.438463,Holiday Sale,Facebook,Latin America,281413,5671,569,499.61,89195.47,2.02,0.09,178.53
2025-11-05 12:03:36.438463,Holiday Sale,TikTok,Asia Pacific,142214,3535,157,1117.94,7454.58,2.49,0.32,6.67
2025-11-06 12:03:36.438463,Brand Awareness,Google Ads,North America,165042,3244,320,313.16,48841.62,1.97,0.1,155.96
2025-11-06 12:03:36.438463,Brand Awareness,Instagram,Europe,246822,11188,276,3684.97,43523.87,4.53,0.33,11.81
2025-11-06 12:03:36.438463,Brand Awareness,Facebook,Latin America,65372,671,34,1608.56,1141.59,1.03,2.4,0.71
2025-11-06 12:03:36.438463,Lead Generation,Facebook,Europe,55554,757,112,3813.42,2468.36,1.36,5.04,0.65
2025-11-06 12:03:36.438463,Lead Generation,Google Ads,North America,417597,12639,1505,1561.62,210071.95,3.03,0.12,134.52
2025-11-06 12:03:36.438463,Retargeting,LinkedIn,Latin America,258518,2726,294,1798.21,10372.26,1.05,0.66,5.77
2025-11-06 12:03:36.438463,Retargeting,Facebook,Asia Pacific,248910,4943,101,2810.62,11092.82,1.99,0.57,3.95
2025-11-06 12:03:36.438463,Retargeting,Twitter,North America,157633,3661,199,4191.8,36439.77,2.32,1.14,8.69
2025-11-06 12:03:36.438463,Product Launch,TikTok,North America,350251,10568,823,4966.04,105161.62,3.02,0.47,21.18
2025-11-06 12:03:36.438463,Product Launch,Instagram,Europe,184041,8981,506,3849.35,96053.72,4.88,0.43,24.95
2025-11-06 12:03:36.438463,Product Launch,LinkedIn,Latin America,478951,14166,1042,1907.65,199552.54,2.96,0.13,104.61
2025-11-06 12:03:36.438463,Product Launch,Google Ads,Europe,366932,7629,1093,1460.47,28868.97,2.08,0.19,19.77
2025-11-06 12:03:36.438463,Holiday Sale,Twitter,Europe,470359,4796,118,1924.14,14230.4,1.02,0.4,7.4
2025-11-06 12:03:36.438463,Holiday Sale,TikTok,Latin America,151655,5365,433,1700.79,85137.41,3.54,0.32,50.06
2025-11-07 12:03:36.438463,Brand Awareness,Facebook,Europe,125223,4283,625,476.11,92722.91,3.42,0.11,194.75
2025-11-07 12:03:36.438463,Brand Awareness,TikTok,Latin America,68387,3397,175,2595.87,18837.71,4.97,0.76,7.26
2025-11-07 12:03:36.438463,Brand Awareness,Instagram,North America,116073,1323,198,4630.74,30745.9,1.14,3.5,6.64
2025-11-07 12:03:36.438463,Lead Generation,Google Ads,Latin America,435878,17152,2114,1577.6,137497.28,3.94,0.09,87.16
2025-11-07 12:03:36.438463,Lead Generation,Facebook,Latin America,70652,810,34,2504.31,1623.02,1.15,3.09,0.65
2025-11-07 12:03:36.438463,Retargeting,Twitter,Latin America,491305,18490,1992,2220.51,106526.92,3.76,0.12,47.97
2025-11-07 12:03:36.438463,Retargeting,Facebook,Asia Pacific,163317,7514,391,2412.97,70002.75,4.6,0.32,29.01
2025-11-07 12:03:36.438463,Product Launch,Google Ads,North America,113178,2328,218,3488.31,38991.41,2.06,1.5,11.18
2025-11-07 12:03:36.438463,Product Launch,Facebook,Asia Pacific,281451,4065,515,2517.33,51446.5,1.44,0.62,20.44
2025-11-07 12:03:36.438463,Product Launch,Instagram,Europe,18703,904,134,460.97,11499.09,4.83,0.51,24.95
2025-11-07 12:03:36.438463,Holiday Sale,Twitter,Europe,123718,5335,392,465.37,52678.94,4.31,0.09,113.2
2025-11-07 12:03:36.438463,Holiday Sale,LinkedIn,Asia Pacific,80031,1702,253,1567.09,31694.57,2.13,0.92,20.23
2025-11-08 12:03:36.438463,Brand Awareness,LinkedIn,Latin America,121018,5123,696,2054.59,113359.36,4.23,0.4,55.17
2025-11-08 12:03:36.438463,Brand Awareness,TikTok,Latin America,456589,9245,1069,301.64,46713.01,2.02,0.03,154.86
2025-11-08 12:03:36.438463,Lead Generation,Instagram,Asia Pacific,292321,10096,322,2489.95,62257.92,3.45,0.25,25.0
2025-11-08 12:03:36.438463,Lead Generation,Twitter,Asia Pacific,143601,3777,126,1518.27,14801.46,2.63,0.4,9.75
2025-11-08 12:03:36.438463,Retargeting,Google Ads,Europe,161176,5441,680,435.7,102666.3,3.38,0.08,235.64
2025-11-08 12:03:36.438463,Retargeting,LinkedIn,Europe,478451,23709,2953,3533.68,399042.86,4.96,0.15,112.93
2025-11-08 12:03:36.438463,Retargeting,Instagram,Latin America,141190,4712,352,2291.82,54708.65,3.34,0.49,23.87
2025-11-08 12:03:36.438463,Product Launch,Facebook,Latin America,171975,5417,616,134.91,16823.54,3.15,0.02,124.7
2025-11-08 12:03:36.438463,Product Launch,TikTok,Europe,434575,6205,350,4616.76,37128.6,1.43,0.74,8.04
2025-11-08 12:03:36.438463,Holiday Sale,LinkedIn,Latin America,344133,10448,1493,4946.39,239973.62,3.04,0.47,48.51
2025-11-08 12:03:36.438463,Holiday Sale,Twitter,North America,182339,2413,95,741.77,3679.43,1.32,0.31,4.96
2025-11-09 12:03:36.438463,Brand Awareness,TikTok,Europe,73052,3426,238,3371.12,29782.3,4.69,0.98,8.83
2025-11-09 12:03:36.438463,Brand Awareness,LinkedIn,North America,142292,3648,94,3223.26,6898.24,2.56,0.88,2.14
2025-11-09 12:03:36.438463,Brand Awareness,Instagram,Latin America,439230,18597,1550,2279.4,99586.15,4.23,0.12,43.69
2025-11-09 12:03:36.438463,Lead Generation,LinkedIn,Europe,333820,13055,1118,1965.91,156185.14,3.91,0.15,79.45
2025-11-09 12:03:36.438463,Lead Generation,Twitter,North America,186021,1891,235,4151.75,22481.32,1.02,2.2,5.41
2025-11-09 12:03:36.438463,Retargeting,TikTok,Asia Pacific,196782,2374,282,3918.09,41821.17,1.21,1.65,10.67
2025-11-09 12:03:36.438463,Retargeting,Instagram,North America,416953,12193,1203,642.37,102512.51,2.92,0.05,159.58
2025-11-09 12:03:36.438463,Retargeting,LinkedIn,Asia Pacific,451803,5017,644,1832.65,113784.78,1.11,0.37,62.09
2025-11-09 12:03:36.438463,Product Launch,TikTok,Europe,410666,16220,2356,2390.82,285625.59,3.95,0.15,119.47
2025-11-09 12:03:36.438463,Product Launch,LinkedIn,Europe,451991,19728,774,1028.86,146164.51,4.36,0.05,142.06
2025-11-09 12:03:36.438463,Product Launch,Twitter,Asia Pacific,154753,2480,193,4195.6,8146.53,1.6,1.69,1.94
2025-11-09 12:03:36.438463,Product Launch,Facebook,Europe,98877,2441,326,1556.13,24745.91,2.47,0.64,15.9
2025-11-09 12:03:36.438463,Holiday Sale,TikTok,Europe,310298,4029,119,4836.96,13698.13,1.3,1.2,2.83
2025-11-09 12:03:36.438463,Holiday Sale,Google Ads,Latin America,229195,11159,1644,1620.88,96550.93,4.87,0.15,59.57
2025-11-09 12:03:36.438463,Holiday Sale,LinkedIn,North America,445900,16189,828,1881.1,51641.78,3.63,0.12,27.45
2025-11-09 12:03:36.438463,Holiday Sale,Facebook,North America,68834,1262,121,4895.56,21734.94,1.83,3.88,4.44
2025-11-10 12:03:36.438463,Brand Awareness,Twitter,North America,192488,4508,651,3495.89,85725.23,2.34,0.78,24.52
2025-11-10 12:03:36.438463,Brand Awareness,Facebook,Europe,379576,8502,850,4830.97,159677.69,2.24,0.57,33.05
2025-11-10 12:03:36.438463,Brand Awareness,TikTok,Latin America,244361,4757,546,2924.65,78674.71,1.95,0.61,26.9
2025-11-10 12:03:36.438463,Lead Generation,LinkedIn,Latin America,182929,4758,498,4471.81,50389.07,2.6,0.94,11.27
2025-11-10 12:03:36.438463,Lead Generation,Facebook,Asia Pacific,303424,5119,280,4352.5,38188.04,1.69,0.85,8.77
2025-11-10 12:03:36.438463,Lead Generation,Twitter,Latin America,315230,14975,1427,2097.59,218930.03,4.75,0.14,104.37
2025-11-10 12:03:36.438463,Retargeting,Twitter,Latin America,453449,22653,798,3996.69,145325.6,5.0,0.18,36.36
2025-11-10 12:03:36.438463,Retargeting,LinkedIn,Europe,17307,678,92,4486.25,14217.75,3.92,6.62,3.17
2025-11-10 12:03:36.438463,Product Launch,LinkedIn,Europe,181375,8096,264,1281.46,13576.32,4.46,0.16,10.59
2025-11-10 12:03:36.438463,Product Launch,Google Ads,North America,238261,5559,640,2027.55,44639.89,2.33,0.36,22.02
2025-11-10 12:03:36.438463,Holiday Sale,Google Ads,North America,273909,2789,251,1556.75,25271.51,1.02,0.56,16.23
2025-11-10 12:03:36.438463,Holiday Sale,TikTok,Asia Pacific,119252,4143,212,4893.69,5903.84,3.47,1.18,1.21
2025-11-11 12:03:36.438463,Brand Awareness,Instagram,North America,113115,4564,633,3860.04,43764.22,4.03,0.85,11.34
2025-11-11 12:03:36.438463,Brand Awareness,Facebook,Asia Pacific,76249,2992,346,1718.6,17943.74,3.92,0.57,10.44
2025-11-11 12:03:36.438463,Brand Awareness,TikTok,Asia Pacific,211948,2598,72,1976.11,11329.92,1.23,0.76,5.73
2025-11-11 12:03:36.438463,Lead Generation,Google Ads,Europe,183231,7433,361,2677.3,37499.67,4.06,0.36,14.01
2025-11-11 12:03:36.438463,Lead Generation,Twitter,Asia Pacific,106190,3754,341,183.95,8783.17,3.54,0.05,47.75
2025-11-11 12:03:36.438463,Lead Generation,Facebook,Asia Pacific,493339,8095,191,2130.21,35579.78,1.64,0.26,16.7
2025-11-11 12:03:36.438463,Retargeting,TikTok,Latin America,254727,10353,771,613.3,117613.04,4.06,0.06,191.77
2025-11-11 12:03:36.438463,Retargeting,LinkedIn,North America,190237,6482,823,1847.07,45790.87,3.41,0.28,24.79
2025-11-11 12:03:36.438463,Retargeting,Instagram,Latin America,498139,23239,2806,156.79,392488.68,4.67,0.01,2503.28
2025-11-11 12:03:36.438463,Product Launch,LinkedIn,Europe,114823,4317,252,2620.57,26844.33,3.76,0.61,10.24
2025-11-11 12:03:36.438463,Product Launch,Twitter,Europe,252001,2551,278,4531.37,42771.85,1.01,1.78,9.44
2025-11-11 12:03:36.438463,Product Launch,TikTok,Latin America,345821,11019,1107,4613.21,166049.35,3.19,0.42,35.99
2025-11-11 12:03:36.438463,Product Launch,Instagram,Asia Pacific,259251,8680,1113,4698.02,62566.51,3.35,0.54,13.32
2025-11-11 12:03:36.438463,Holiday Sale,LinkedIn,Asia Pacific,485393,14412,1265,229.6,205066.45,2.97,0.02,893.15
2025-11-11 12:03:36.438463,Holiday Sale,Instagram,Europe,267297,6761,666,4512.99,87030.82,2.53,0.67,19.28
2025-11-11 12:03:36.438463,Holiday Sale,Twitter,North America,293362,13936,1593,2320.15,93284.9,4.75,0.17,40.21
2025-11-11 12:03:36.438463,Holiday Sale,Facebook,North America,267212,8316,994,1050.69,42732.27,3.11,0.13,40.67
2025-11-12 12:03:36.438463,Brand Awareness,LinkedIn,Asia Pacific,254474,3862,521,2130.21,57690.41,1.52,0.55,27.08
2025-11-12 12:03:36.438463,Brand Awareness,Twitter,Europe,482637,12181,712,3936.41,58673.18,2.52,0.32,14.91
2025-11-12 12:03:36.438463,Brand Awareness,Instagram,Europe,245995,11914,792,4133.04,123171.68,4.84,0.35,29.8
2025-11-12 12:03:36.438463,Lead Generation,Facebook,Europe,419075,19492,634,712.93,28566.1,4.65,0.04,40.07
2025-11-12 12:03:36.438463,Lead Generation,Instagram,Asia Pacific,156519,7275,776,3466.51,106793.5,4.65,0.48,30.81
2025-11-12 12:03:36.438463,Retargeting,Facebook,Europe,309985,7761,568,4989.74,58502.09,2.5,0.64,11.72
2025-11-12 12:03:36.438463,Retargeting,LinkedIn,Latin America,297487,7177,322,1370.25,13148.7,2.41,0.19,9.6
2025-11-12 12:03:36.438463,Retargeting,Instagram,Latin America,441527,8192,707,1360.85,57469.29,1.86,0.17,42.23
2025-11-12 12:03:36.438463,Product Launch,Instagram,North America,68106,1591,177,3721.65,29334.37,2.34,2.34,7.88
2025-11-12 12:03:36.438463,Product Launch,Facebook,Latin America,425181,12968,1623,2940.11,254779.74,3.05,0.23,86.66
2025-11-12 12:03:36.438463,Product Launch,TikTok,Asia Pacific,266676,8577,608,3421.82,76853.31,3.22,0.4,22.46
2025-11-12 12:03:36.438463,Holiday Sale,Instagram,Asia Pacific,127070,2181,265,142.57,11429.03,1.72,0.07,80.16
2025-11-12 12:03:36.438463,Holiday Sale,LinkedIn,Asia Pacific,326232,10915,596,1647.86,106502.12,3.35,0.15,64.63
2025-11-12 12:03:36.438463,Holiday Sale,Google Ads,North America,357328,9707,1260,2598.06,197052.76,2.72,0.27,75.85
2025-11-12 12:03:36.438463,Holiday Sale,TikTok,Latin America,376012,4595,282,195.06,44638.72,1.22,0.04,228.85
2025-11-13 12:03:36.438463,Brand Awareness,Google Ads,Europe,203340,3776,258,4568.35,12800.82,1.86,1.21,2.8
2025-11-13 12:03:36.438463,Brand Awareness,LinkedIn,North America,184589,2940,192,2645.0,29946.4,1.59,0.9,11.32
2025-11-13 12:03:36.438463,Brand Awareness,Facebook,Asia Pacific,243984,8833,190,1461.9,27398.33,3.62,0.17,18.74
2025-11-13 12:03:36.438463,Brand Awareness,Instagram,Europe,306783,8035,420,2485.69,27776.07,2.62,0.31,11.17
2025-11-13 12:03:36.438463,Lead Generation,Facebook,Asia Pacific,88079,909,54,587.7,6221.59,1.03,0.65,10.59
2025-11-13 12:03:36.438463,Lead Generation,Twitter,Europe,67381,2992,201,1978.33,24655.33,4.44,0.66,12.46
2025-11-13 12:03:36.438463,Retargeting,LinkedIn,Europe,302221,3276,248,4368.45,31044.25,1.08,1.33,7.11
2025-11-13 12:03:36.438463,Retargeting,Twitter,Latin America,107436,3175,385,400.93,72568.28,2.96,0.13,181.0
2025-11-13 12:03:36.438463,Product Launch,Facebook,Latin America,114709,3387,102,3019.56,6011.45,2.95,0.89,1.99
2025-11-13 12:03:36.438463,Product Launch,Instagram,Asia Pacific,151130,2473,293,3734.63,44682.46,1.64,1.51,11.96
2025-11-13 12:03:36.438463,Product Launch,Google Ads,Latin America,185408,3031,200,1155.53,35887.05,1.63,0.38,31.06
2025-11-13 12:03:36.438463,Holiday Sale,Twitter,North America,88226,2286,137,943.63,14539.9,2.59,0.41,15.41
2025-11-13 12:03:36.438463,Holiday Sale,Facebook,Europe,320078,6362,911,4695.54,151045.89,1.99,0.74,32.17
2025-11-13 12:03:36.438463,Holiday Sale,Google Ads,Latin America,37939,1771,149,4562.99,16826.12,4.67,2.58,3.69
2025-11-13 12:03:36.438463,Holiday Sale,Instagram,Europe,255289,8227,1070,2576.52,32494.65,3.22,0.31,12.61
2025-11-14 12:03:36.438463,Brand Awareness,TikTok,Latin America,137616,5591,402,1543.26,46815.06,4.06,0.28,30.34
2025-11-14 12:03:36.438463,Brand Awareness,Twitter,Latin America,136819,1555,232,1579.98,21902.83,1.14,1.02,13.86
2025-11-14 12:03:36.438463,Lead Generation,Facebook,North America,402190,18939,1054,4311.17,154356.23,4.71,0.23,35.8
2025-11-14 12:03:36.438463,Lead Generation,Instagram,Latin America,465000,15927,1322,4390.81,126127.55,3.43,0.28,28.73
2025-11-14 12:03:36.438463,Lead Generation,Twitter,Latin America,220995,10989,635,311.37,109820.34,4.97,0.03,352.7
2025-11-14 12:03:36.438463,Retargeting,Instagram,North America,166723,6109,538,3844.06,37631.85,3.66,0.63,9.79
2025-11-14 12:03:36.438463,Retargeting,Twitter,North America,150652,5448,285,3450.6,55508.99,3.62,0.63,16.09
2025-11-14 12:03:36.438463,Retargeting,LinkedIn,North America,227095,8722,720,2076.85,97159.14,3.84,0.24,46.78
2025-11-14 12:03:36.438463,Product Launch,Google Ads,Asia Pacific,216906,5274,338,2649.39,53698.06,2.43,0.5,20.27
2025-11-14 12:03:36.438463,Product Launch,Instagram,Latin America,283173,7800,486,3277.27,54249.35,2.75,0.42,16.55
2025-11-14 12:03:36.438463,Holiday Sale,Twitter,Asia Pacific,347494,12054,1697,4457.23,160514.92,3.47,0.37,36.01
2025-11-14 12:03:36.438463,Holiday Sale,Facebook,Asia Pacific,183943,4693,304,2784.2,52243.43,2.55,0.59,18.76
2025-11-14 12:03:36.438463,Holiday Sale,Google Ads,Europe,232579,6612,779,523.74,64959.4,2.84,0.08,124.03
2025-11-14 12:03:36.438463,Holiday Sale,LinkedIn,Asia Pacific,318012,12612,1400,200.7,279159.81,3.97,0.02,1390.93
2025-11-15 12:03:36.438463,Brand Awareness,Instagram,Asia Pacific,484082,6257,148,3042.95,15402.14,1.29,0.49,5.06
2025-11-15 12:03:36.438463,Brand Awareness,Facebook,North America,182842,6479,161,905.09,16836.37,3.54,0.14,18.6
2025-11-15 12:03:36.438463,Lead Generation,LinkedIn,Europe,470475,20229,1817,2246.96,196275.63,4.3,0.11,87.35
2025-11-15 12:03:36.438463,Lead Generation,Google Ads,Latin America,104503,3600,156,2397.03,4435.44,3.44,0.67,1.85
2025-11-15 12:03:36.438463,Lead Generation,Twitter,Latin America,307885,4132,171,3649.54,32483.35,1.34,0.88,8.9
2025-11-15 12:03:36.438463,Lead Generation,TikTok,North America,92994,3547,336,4263.71,55220.24,3.81,1.2,12.95
2025-11-15 12:03:36.438463,Retargeting,Google Ads,Latin America,51217,1539,116,2021.83,2780.79,3.0,1.31,1.38
2025-11-15 12:03:36.438463,Retargeting,Facebook,Europe,304044,12319,923,1896.64,98656.57,4.05,0.15,52.02
2025-11-15 12:03:36.438463,Retargeting,Instagram,Asia Pacific,25650,439,23,257.44,4088.2,1.71,0.59,15.88
2025-11-15 12:03:36.438463,Retargeting,Twitter,Latin America,198256,4805,260,2266.06,35820.09,2.42,0.47,15.81
2025-11-15 12:03:36.438463,Product Launch,TikTok,Latin America,403021,15806,814,1656.35,49816.78,3.92,0.1,30.08
2025-11-15 12:03:36.438463,Product Launch,LinkedIn,Europe,256943,2616,92,3043.03,8481.41,1.02,1.16,2.79
2025-11-15 12:03:36.438463,Product Launch,Facebook,Europe,361840,3904,269,2497.08,24953.03,1.08,0.64,9.99
2025-11-15 12:03:36.438463,Holiday Sale,Facebook,North America,234797,5204,564,1977.66,84358.77,2.22,0.38,42.66
2025-11-15 12:03:36.438463,Holiday Sale,LinkedIn,Europe,140657,5908,834,1547.34,141076.98,4.2,0.26,91.17
2025-11-15 12:03:36.438463,Holiday Sale,Google Ads,North America,127239,4542,495,2716.61,36571.11,3.57,0.6,13.46
2025-11-15 12:03:36.438463,Holiday Sale,Twitter,Latin America,320043,4740,515,1008.13,16939.3,1.48,0.21,16.8
2025-11-16 12:03:36.438463,Brand Awareness,LinkedIn,Asia Pacific,369161,6246,899,2455.21,105098.79,1.69,0.39,42.81
2025-11-16 12:03:36.438463,Brand Awareness,Facebook,Europe,344642,3484,518,2068.5,89223.49,1.01,0.59,43.13
2025-11-16 12:03:36.438463,Lead Generation,Twitter,North America,316961,5660,354,3740.64,36937.26,1.79,0.66,9.87
2025-11-16 12:03:36.438463,Lead Generation,TikTok,North America,106436,5123,327,3027.3,26526.35,4.81,0.59,8.76
2025-11-16 12:03:36.438463,Retargeting,TikTok,Asia Pacific,422946,18113,1460,3634.18,152285.48,4.28,0.2,41.9
2025-11-16 12:03:36.438463,Retargeting,Facebook,Asia Pacific,314851,3627,468,2097.32,87040.02,1.15,0.58,41.5
2025-11-16 12:03:36.438463,Retargeting,Instagram,North America,277507,10432,1026,3301.07,25310.22,3.76,0.32,7.67
2025-11-16 12:03:36.438463,Retargeting,Twitter,North America,376242,14540,1608,4746.62,119068.61,3.86,0.33,25.08
2025-11-16 12:03:36.438463,Product Launch,Google Ads,Asia Pacific,101630,4044,197,1553.86,12152.81,3.98,0.38,7.82
2025-11-16 12:03:36.438463,Product Launch,Instagram,Latin America,321806,10190,948,734.01,152083.09,3.17,0.07,207.19
2025-11-16 12:03:36.438463,Product Launch,Facebook,Asia Pacific,383710,10035,672,3844.94,46968.4,2.62,0.38,12.22
2025-11-16 12:03:36.438463,Product Launch,TikTok,Asia Pacific,340220,6575,147,2022.29,23965.2,1.93,0.31,11.85
2025-11-16 12:03:36.438463,Holiday Sale,Facebook,Europe,186345,5565,533,2184.02,40903.6,2.99,0.39,18.73
2025-11-16 12:03:36.438463,Holiday Sale,Instagram,Europe,128687,4953,737,1594.73,141710.98,3.85,0.32,88.86
2025-11-16 12:03:36.438463,Holiday Sale,TikTok,Latin America,148600,5147,625,815.51,117754.84,3.46,0.16,144.39
2025-11-16 12:03:36.438463,Holiday Sale,Twitter,Europe,29697,1021,117,463.99,10343.69,3.44,0.45,22.29
2025-11-17 12:03:36.438463,Brand Awareness,Instagram,North America,494477,7293,824,3480.25,31475.55,1.47,0.48,9.04
2025-11-17 12:03:36.438463,Brand Awareness,TikTok,North America,449901,15172,613,4766.35,106477.98,3.37,0.31,22.34
2025-11-17 12:03:36.438463,Brand Awareness,LinkedIn,Latin America,142170,5138,534,1114.87,52893.32,3.61,0.22,47.44
2025-11-17 12:03:36.438463,Lead Generation,Facebook,Europe,336060,15900,1183,3083.8,41511.21,4.73,0.19,13.46
2025-11-17 12:03:36.438463,Lead Generation,TikTok,Asia Pacific,36773,407,24,4733.79,2486.64,1.11,11.63,0.53
2025-11-17 12:03:36.438463,Lead Generation,Instagram,Latin America,308095,15163,1786,1121.27,265877.27,4.92,0.07,237.12
2025-11-17 12:03:36.438463,Retargeting,Google Ads,Asia Pacific,206945,7983,1067,1127.27,91537.91,3.86,0.14,81.2
2025-11-17 12:03:36.438463,Retargeting,TikTok,Latin America,245026,10966,329,380.83,57121.46,4.48,0.03,149.99
2025-11-17 12:03:36.438463,Retargeting,Instagram,Europe,229513,3707,455,1465.89,57850.39,1.62,0.4,39.46
2025-11-17 12:03:36.438463,Retargeting,LinkedIn,Europe,56827,1375,35,540.75,4831.53,2.42,0.39,8.93
2025-11-17 12:03:36.438463,Product Launch,Twitter,Latin America,483041,8696,546,2009.97,72521.3,1.8,0.23,36.08
2025-11-17 12:03:36.438463,Product Launch,Facebook,Asia Pacific,130270,5813,583,3223.93,114957.16,4.46,0.55,35.66
2025-11-17 12:03:36.438463,Product Launch,Google Ads,Latin America,157732,5176,419,4308.56,26125.8,3.28,0.83,6.06
2025-11-17 12:03:36.438463,Holiday Sale,Twitter,Latin America,261819,3496,437,1727.28,19345.23,1.34,0.49,11.2
2025-11-17 12:03:36.438463,Holiday Sale,Facebook,North America,488150,17825,1516,4743.0,119191.75,3.65,0.27,25.13
2025-11-17 12:03:36.438463,Holiday Sale,LinkedIn,Latin America,465560,14221,527,3596.12,82011.19,3.05,0.25,22.81
2025-11-18 12:03:36.438463,Brand Awareness,Facebook,Asia Pacific,232494,8997,810,2601.78,20646.39,3.87,0.29,7.94
2025-11-18 12:03:36.438463,Brand Awareness,TikTok,Latin America,88861,1076,114,4543.1,10234.21,1.21,4.22,2.25
2025-11-18 12:03:36.438463,Brand Awareness,Twitter,Latin America,80418,3051,149,3177.97,27397.38,3.79,1.04,8.62
2025-11-18 12:03:36.438463,Brand Awareness,Instagram,Latin America,347751,6004,533,1557.84,61199.76,1.73,0.26,39.29
2025-11-18 12:03:36.438463,Lead Generation,Twitter,Latin America,186049,7509,586,1669.37,32070.9,4.04,0.22,19.21
2025-11-18 12:03:36.438463,Lead Generation,Google Ads,Asia Pacific,349175,12615,395,2112.65,48516.57,3.61,0.17,22.96
2025-11-18 12:03:36.438463,Lead Generation,Facebook,Asia Pacific,235246,3398,507,1972.33,71378.36,1.44,0.58,36.19
2025-11-18 12:03:36.438463,Retargeting,Google Ads,Asia Pacific,387922,10224,252,675.43,21299.74,2.64,0.07,31.54
2025-11-18 12:03:36.438463,Retargeting,Twitter,North America,376835,6885,951,4875.43,97783.63,1.83,0.71,20.06
2025-11-18 12:03:36.438463,Retargeting,TikTok,Latin America,446241,18952,2597,2349.77,320302.6,4.25,0.12,136.31
2025-11-18 12:03:36.438463,Retargeting,LinkedIn,Europe,101542,2407,272,3862.15,44282.03,2.37,1.6,11.47
2025-11-18 12:03:36.438463,Product Launch,Twitter,Asia Pacific,245178,5462,806,2453.84,89889.23,2.23,0.45,36.63
2025-11-18 12:03:36.438463,Product Launch,Facebook,Europe,398047,11444,1600,1741.48,200860.34,2.88,0.15,115.34
2025-11-18 12:03:36.438463,Holiday Sale,Google Ads,Latin America,214687,10002,1434,4144.73,147481.22,4.66,0.41,35.58
2025-11-18 12:03:36.438463,Holiday Sale,LinkedIn,Europe,459319,13407,818,1814.56,79670.7,2.92,0.14,43.91
2025-11-18 12:03:36.438463,Holiday Sale,TikTok,Europe,262962,7112,910,4246.4,77520.31,2.7,0.6,18.26
2025-11-19 12:03:36.438463,Brand Awareness,TikTok,Latin America,51366,1555,39,2116.21,1327.94,3.03,1.36,0.63
2025-11-19 12:03:36.438463,Brand Awareness,Facebook,Asia Pacific,132371,2457,293,1634.82,57280.8,1.86,0.67,35.04
2025-11-19 12:03:36.438463,Brand Awareness,LinkedIn,Asia Pacific,84751,1936,141,3368.51,24119.65,2.28,1.74,7.16
2025-11-19 12:03:36.438463,Lead Generation,Facebook,North America,262692,4314,197,3069.43,35171.33,1.64,0.71,11.46
2025-11-19 12:03:36.438463,Lead Generation,Twitter,North America,223071,5259,693,4618.23,31279.4,2.36,0.88,6.77
2025-11-19 12:03:36.438463,Lead Generation,LinkedIn,Latin America,15658,591,33,744.1,5259.15,3.77,1.26,7.07
2025-11-19 12:03:36.438463,Lead Generation,Google Ads,North America,124373,4659,323,2068.08,38380.56,3.75,0.44,18.56
2025-11-19 12:03:36.438463,Retargeting,Google Ads,Asia Pacific,152272,6087,772,1389.29,36682.21,4.0,0.23,26.4
2025-11-19 12:03:36.438463,Retargeting,Facebook,Europe,468569,7280,939,1977.5,80457.69,1.55,0.27,40.69
2025-11-19 12:03:36.438463,Retargeting,Instagram,Europe,461404,5529,142,3729.58,20540.68,1.2,0.67,5.51
2025-11-19 12:03:36.438463,Product Launch,TikTok,Asia Pacific,244883,10475,1297,2837.32,247117.66,4.28,0.27,87.1
2025-11-19 12:03:36.438463,Product Launch,Facebook,Latin America,77387,3387,400,349.43,46314.6,4.38,0.1,132.54
2025-11-19 12:03:36.438463,Product Launch,LinkedIn,Europe,243857,4455,586,690.03,20185.1,1.83,0.15,29.25
2025-11-19 12:03:36.438463,Product Launch,Twitter,North America,237770,5636,502,1466.81,52056.41,2.37,0.26,35.49
2025-11-19 12:03:36.438463,Holiday Sale,Facebook,Asia Pacific,341716,7416,288,4877.08,12225.72,2.17,0.66,2.51
2025-11-19 12:03:36.438463,Holiday Sale,Twitter,North America,296760,4529,509,4514.84,26627.05,1.53,1.0,5.9
2025-11-19 12:03:36.438463,Holiday Sale,LinkedIn,North America,214985,8433,348,3743.83,45729.3,3.92,0.44,12.21
2025-11-19 12:03:36.438463,Holiday Sale,Google Ads,North America,422511,20104,1802,2053.37,248531.44,4.76,0.1,121.04
2025-11-20 12:03:36.438463,Brand Awareness,LinkedIn,Latin America,244174,8404,840,2988.25,36991.37,3.44,0.36,12.38
2025-11-20 12:03:36.438463,Brand Awareness,Twitter,Europe,81565,1641,83,626.43,14156.99,2.01,0.38,22.6
2025-11-20 12:03:36.438463,Brand Awareness,Facebook,Latin America,32022,958,30,3372.76,856.67,2.99,3.52,0.25
2025-11-20 12:03:36.438463,Lead Generation,Instagram,Europe,148596,5901,440,1956.02,43046.06,3.97,0.33,22.01
2025-11-20 12:03:36.438463,Lead Generation,Google Ads,Asia Pacific,350360,17517,1816,4622.81,194291.4,5.0,0.26,42.03
2025-11-20 12:03:36.438463,Retargeting,Instagram,Europe,232298,3833,368,427.02,27417.97,1.65,0.11,64.21
2025-11-20 12:03:36.438463,Retargeting,LinkedIn,Asia Pacific,96960,3079,278,2342.95,54968.11,3.18,0.76,23.46
2025-11-20 12:03:36.438463,Retargeting,Google Ads,Asia Pacific,294087,5158,139,3419.66,6804.26,1.75,0.66,1.99
2025-11-20 12:03:36.438463,Product Launch,Twitter,Asia Pacific,488633,12236,1014,822.66,142942.42,2.5,0.07,173.76
2025-11-20 12:03:36.438463,Product Launch,LinkedIn,Asia Pacific,159268,7394,662,3693.75,94534.31,4.64,0.5,25.59
2025-11-20 12:03:36.438463,Product Launch,TikTok,Europe,66626,1067,46,478.31,4383.24,1.6,0.45,9.16
2025-11-20 12:03:36.438463,Holiday Sale,Instagram,Latin America,336249,3875,354,2337.46,60301.3,1.15,0.6,25.8
2025-11-20 12:03:36.438463,Holiday Sale,TikTok,North America,190939,2880,287,2382.64,19543.85,1.51,0.83,8.2
2025-11-20 12:03:36.438463,Holiday Sale,Twitter,Latin America,365115,6877,671,781.33,23121.85,1.88,0.11,29.59
2025-11-20 12:03:36.438463,Holiday Sale,Google Ads,Europe,21704,803,35,3782.0,5099.13,3.7,4.71,1.35
2025-11-21 12:03:36.438463,Brand Awareness,TikTok,Latin America,214142,7796,690,3172.25,105475.48,3.64,0.41,33.25
2025-11-21 12:03:36.438463,Brand Awareness,Google Ads,Europe,481331,16682,1934,1316.0,382766.88,3.47,0.08,290.86
2025-11-21 12:03:36.438463,Lead Generation,LinkedIn,Latin America,251582,4092,101,4178.32,20067.24,1.63,1.02,4.8
2025-11-21 12:03:36.438463,Lead Generation,Twitter,North America,406183,10973,1319,4773.31,104889.3,2.7,0.44,21.97
2025-11-21 12:03:36.438463,Retargeting,Instagram,North America,83543,1048,49,3501.02,5821.51,1.25,3.34,1.66
2025-11-21 12:03:36.438463,Retargeting,Google Ads,Europe,98618,3756,455,3850.52,24958.31,3.81,1.03,6.48
2025-11-21 12:03:36.438463,Retargeting,Facebook,Latin America,88109,2191,230,1503.88,25716.44,2.49,0.69,17.1
2025-11-21 12:03:36.438463,Product Launch,TikTok,Latin America,161873,3681,538,924.43,104226.59,2.27,0.25,112.75
2025-11-21 12:03:36.438463,Product Launch,Instagram,North America,442757,7392,274,1942.4,54043.91,1.67,0.26,27.82
2025-11-21 12:03:36.438463,Holiday Sale,Facebook,Europe,411570,14940,1588,4661.9,150221.74,3.63,0.31,32.22
2025-11-21 12:03:36.438463,Holiday Sale,Google Ads,North America,49386,1674,190,4158.59,6041.21,3.39,2.48,1.45
2025-11-22 12:03:36.438463,Brand Awareness,Instagram,Latin America,294598,10939,1516,2896.52,274473.87,3.71,0.26,94.76
2025-11-22 12:03:36.438463,Brand Awareness,TikTok,Asia Pacific,73998,918,46,4409.89,5135.02,1.24,4.8,1.16
2025-11-22 12:03:36.438463,Brand Awareness,Facebook,Asia Pacific,433982,9839,1175,181.86,34580.46,2.27,0.02,190.15
2025-11-22 12:03:36.438463,Brand Awareness,Google Ads,Latin America,317379,10747,247,106.88,9413.96,3.39,0.01,88.08
2025-11-22 12:03:36.438463,Lead Generation,TikTok,Europe,440250,14019,1901,4828.24,73501.88,3.18,0.34,15.22
2025-11-22 12:03:36.438463,Lead Generation,LinkedIn,Latin America,288343,5851,633,922.69,60812.17,2.03,0.16,65.91
2025-11-22 12:03:36.438463,Retargeting,LinkedIn,North America,484565,6273,689,834.34,72845.3,1.29,0.13,87.31
2025-11-22 12:03:36.438463,Retargeting,Facebook,Europe,98165,3982,288,4929.66,11841.75,4.06,1.24,2.4
2025-11-22 12:03:36.438463,Retargeting,Twitter,Asia Pacific,53942,623,71,2367.22,5785.26,1.15,3.8,2.44
2025-11-22 12:03:36.438463,Product Launch,LinkedIn,Europe,481870,13975,921,3689.31,27756.14,2.9,0.26,7.52
2025-11-22 12:03:36.438463,Product Launch,Instagram,North America,294039,11586,1105,926.9,106881.31,3.94,0.08,115.31
2025-11-22 12:03:36.438463,Product Launch,Google Ads,Asia Pacific,237912,6397,647,1002.1,69333.5,2.69,0.16,69.19
2025-11-22 12:03:36.438463,Holiday Sale,LinkedIn,Asia Pacific,37401,1119,151,1842.11,19805.7,2.99,1.65,10.75
2025-11-22 12:03:36.438463,Holiday Sale,Google Ads,Asia Pacific,77242,3781,209,342.42,34358.45,4.9,0.09,100.34
2025-11-22 12:03:36.438463,Holiday Sale,Instagram,Latin America,323090,8207,966,3052.85,172147.94,2.54,0.37,56.39
2025-11-22 12:03:36.438463,Holiday Sale,Facebook,Asia Pacific,359361,9258,283,1483.78,51636.68,2.58,0.16,34.8
2025-11-23 12:03:36.438463,Brand Awareness,Google Ads,Europe,42984,1033,68,2259.96,9325.9,2.4,2.19,4.13
2025-11-23 12:03:36.438463,Brand Awareness,TikTok,Europe,494939,10568,735,667.27,85471.13,2.14,0.06,128.09
2025-11-23 12:03:36.438463,Lead Generation,TikTok,North America,391016,7395,717,980.24,93776.58,1.89,0.13,95.67
2025-11-23 12:03:36.438463,Lead Generation,Facebook,Europe,177053,5428,452,2584.99,69901.71,3.07,0.48,27.04
2025-11-23 12:03:36.438463,Lead Generation,Twitter,North America,90276,2503,264,4801.99,19663.02,2.77,1.92,4.09
2025-11-23 12:03:36.438463,Lead Generation,Instagram,Europe,341701,9436,969,2547.9,21973.51,2.76,0.27,8.62
2025-11-23 12:03:36.438463,Retargeting,Twitter,Europe,310856,11265,1100,2957.74,28455.87,3.62,0.26,9.62
2025-11-23 12:03:36.438463,Retargeting,TikTok,Europe,91350,3289,185,1881.68,18727.19,3.6,0.57,9.95
2025-11-23 12:03:36.438463,Product Launch,TikTok,Europe,164841,2562,58,4109.58,8458.86,1.55,1.6,2.06
2025-11-23 12:03:36.438463,Product Launch,Facebook,North America,189658,1909,247,3263.95,41904.31,1.01,1.71,12.84
2025-11-23 12:03:36.438463,Product Launch,Google Ads,Latin America,103049,2304,56,4676.05,9755.63,2.24,2.03,2.09
2025-11-23 12:03:36.438463,Product Launch,LinkedIn,Europe,53010,759,111,1047.01,10309.74,1.43,1.38,9.85
2025-11-23 12:03:36.438463,Holiday Sale,TikTok,North America,330687,12393,910,4327.38,76725.66,3.75,0.35,17.73
2025-11-23 12:03:36.438463,Holiday Sale,LinkedIn,Asia Pacific,494466,16937,1841,760.16,120121.25,3.43,0.04,158.02
2025-11-23 12:03:36.438463,Holiday Sale,Instagram,Asia Pacific,44161,816,98,4257.25,15631.98,1.85,5.22,3.67
2025-11-24 12:03:36.438463,Brand Awareness,Instagram,Asia Pacific,484612,14698,1140,434.37,34547.69,3.03,0.03,79.54
2025-11-24 12:03:36.438463,Brand Awareness,Twitter,North America,280512,13480,934,1011.04,106875.5,4.81,0.08,105.71
2025-11-24 12:03:36.438463,Brand Awareness,Facebook,North America,31566,1485,64,3630.49,4812.28,4.7,2.44,1.33
2025-11-24 12:03:36.438463,Lead Generation,Facebook,Europe,252504,9679,1087,1743.3,23164.05,3.83,0.18,13.29
2025-11-24 12:03:36.438463,Lead Generation,LinkedIn,North America,450656,12092,1170,309.69,130435.85,2.68,0.03,421.18
2025-11-24 12:03:36.438463,Retargeting,Twitter,Asia Pacific,445303,14943,1509,1998.02,301021.35,3.36,0.13,150.66
2025-11-24 12:03:36.438463,Retargeting,LinkedIn,North America,244040,10600,1571,651.44,99506.23,4.34,0.06,152.75
2025-11-24 12:03:36.438463,Product Launch,LinkedIn,Asia Pacific,32778,1061,105,2799.93,16408.04,3.24,2.64,5.86
2025-11-24 12:03:36.438463,Product Launch,Twitter,Europe,443571,4596,601,1760.55,47157.92,1.04,0.38,26.79
2025-11-24 12:03:36.438463,Product Launch,Google Ads,North America,440076,13178,1837,1256.63,310519.32,2.99,0.1,247.1
2025-11-24 12:03:36.438463,Holiday Sale,TikTok,Asia Pacific,252165,10744,1286,3853.91,28615.1,4.26,0.36,7.42
2025-11-24 12:03:36.438463,Holiday Sale,Facebook,Europe,264884,10050,673,3963.01,53515.03,3.79,0.39,13.5
2025-11-24 12:03:36.438463,Holiday Sale,Google Ads,Asia Pacific,129876,5857,723,2320.85,83377.43,4.51,0.4,35.93
2025-11-24 12:03:36.438463,Holiday Sale,LinkedIn,North America,270895,8176,500,3483.86,25881.31,3.02,0.43,7.43
2025-11-25 12:03:36.438463,Brand Awareness,Twitter,North America,358615,13834,571,1168.83,91734.15,3.86,0.08,78.48
2025-11-25 12:03:36.438463,Brand Awareness,Google Ads,North America,367743,15182,559,3361.09,14578.16,4.13,0.22,4.34
2025-11-25 12:03:36.438463,Brand Awareness,TikTok,Latin America,351363,5701,739,2124.96,102887.27,1.62,0.37,48.42
2025-11-25 12:03:36.438463,Lead Generation,LinkedIn,Europe,52170,839,77,4693.23,3795.8,1.61,5.59,0.81
2025-11-25 12:03:36.438463,Lead Generation,Facebook,Europe,373308,5587,346,3868.55,25113.05,1.5,0.69,6.49
2025-11-25 12:03:36.438463,Retargeting,Twitter,North America,426356,19063,2488,763.57,355899.92,4.47,0.04,466.1
2025-11-25 12:03:36.438463,Retargeting,Google Ads,Europe,488003,7573,789,1920.97,76923.42,1.55,0.25,40.04
2025-11-25 12:03:36.438463,Product Launch,LinkedIn,Latin America,482239,7521,256,2743.36,39670.89,1.56,0.36,14.46
2025-11-25 12:03:36.438463,Product Launch,TikTok,Europe,192398,3806,146,1695.16,16186.92,1.98,0.45,9.55
2025-11-25 12:03:36.438463,Product Launch,Google Ads,North America,429919,18526,2557,962.14,218172.61,4.31,0.05,226.76
2025-11-25 12:03:36.438463,Product Launch,Facebook,Latin America,212672,7037,368,286.7,29342.04,3.31,0.04,102.34
2025-11-25 12:03:36.438463,Holiday Sale,LinkedIn,North America,460383,20201,2755,3075.89,413122.53,4.39,0.15,134.31
2025-11-25 12:03:36.438463,Holiday Sale,Twitter,Latin America,400713,19432,1964,3325.18,78208.33,4.85,0.17,23.52
2025-11-25 12:03:36.438463,Holiday Sale,Facebook,Asia Pacific,139058,6088,388,2598.66,43799.66,4.38,0.43,16.85
2025-11-25 12:03:36.438463,Holiday Sale,Google Ads,Europe,352068,16388,1507,1778.73,245848.44,4.65,0.11,138.22
2025-11-26 12:03:36.438463,Brand Awareness,Facebook,North America,174825,8234,832,4942.26,129853.86,4.71,0.6,26.27
2025-11-26 12:03:36.438463,Brand Awareness,Google Ads,North America,414921,16713,999,1031.19,176796.72,4.03,0.06,171.45
2025-11-26 12:03:36.438463,Brand Awareness,LinkedIn,Asia Pacific,282369,3582,389,896.58,24500.62,1.27,0.25,27.33
2025-11-26 12:03:36.438463,Lead Generation,Twitter,Asia Pacific,460565,20790,2875,2349.94,454094.4,4.51,0.11,193.24
2025-11-26 12:03:36.438463,Lead Generation,Google Ads,Europe,174136,5696,651,1866.01,20801.32,3.27,0.33,11.15
2025-11-26 12:03:36.438463,Retargeting,LinkedIn,Asia Pacific,255303,4602,534,1264.99,42273.23,1.8,0.27,33.42
2025-11-26 12:03:36.438463,Retargeting,Facebook,North America,347436,11953,1501,3229.09,207277.32,3.44,0.27,64.19
2025-11-26 12:03:36.438463,Retargeting,Twitter,Asia Pacific,367292,12864,344,4975.68,53714.19,3.5,0.39,10.8
2025-11-26 12:03:36.438463,Retargeting,Google Ads,Europe,38452,1636,157,409.71,10481.79,4.25,0.25,25.58
2025-11-26 12:03:36.438463,Product Launch,Google Ads,Asia Pacific,254842,10853,1443,4223.74,123691.03,4.26,0.39,29.28
2025-11-26 12:03:36.438463,Product Launch,Twitter,Europe,81077,2544,203,4716.73,6253.76,3.14,1.85,1.33
2025-11-26 12:03:36.438463,Product Launch,TikTok,Latin America,175997,6948,868,1185.23,97332.8,3.95,0.17,82.12
2025-11-26 12:03:36.438463,Product Launch,Facebook,Latin America,180217,6056,341,2336.37,45553.84,3.36,0.39,19.5
2025-11-26 12:03:36.438463,Holiday Sale,LinkedIn,Asia Pacific,331345,10234,895,1546.56,155188.1,3.09,0.15,100.34
2025-11-26 12:03:36.438463,Holiday Sale,TikTok,North America,328330,6124,319,4329.59,45457.9,1.87,0.71,10.5
2025-11-26 12:03:36.438463,Holiday Sale,Twitter,Europe,168687,5896,701,1638.74,36119.07,3.5,0.28,22.04
2025-11-26 12:03:36.438463,Holiday Sale,Facebook,Asia Pacific,268377,7620,228,3013.77,27662.16,2.84,0.4,9.18
2025-11-27 12:03:36.438463,Brand Awareness,TikTok,North America,311354,5337,161,2776.94,15384.12,1.71,0.52,5.54
2025-11-27 12:03:36.438463,Brand Awareness,Twitter,Europe,44677,1792,235,4587.07,7509.96,4.01,2.56,1.64
2025-11-27 12:03:36.438463,Brand Awareness,Google Ads,Asia Pacific,365228,17494,948,3410.09,149223.21,4.79,0.19,43.76
2025-11-27 12:03:36.438463,Lead Generation,TikTok,North America,239779,4719,102,197.67,3281.06,1.97,0.04,16.6
2025-11-27 12:03:36.438463,Lead Generation,Twitter,Europe,94977,1113,36,3763.44,4327.43,1.17,3.38,1.15
2025-11-27 12:03:36.438463,Lead Generation,LinkedIn,Asia Pacific,211596,4180,88,1604.05,7884.97,1.98,0.38,4.92
2025-11-27 12:03:36.438463,Lead Generation,Google Ads,North America,168626,7309,372,4596.99,61846.16,4.33,0.63,13.45
2025-11-27 12:03:36.438463,Retargeting,Twitter,North America,378988,8450,1152,2697.31,50502.22,2.23,0.32,18.72
2025-11-27 12:03:36.438463,Retargeting,Instagram,Europe,299089,13506,1138,2225.35,120284.49,4.52,0.16,54.05
2025-11-27 12:03:36.438463,Product Launch,Twitter,Europe,360849,10955,1114,1347.6,144933.21,3.04,0.12,107.55
2025-11-27 12:03:36.438463,Product Launch,TikTok,North America,492957,12953,734,3809.0,72531.23,2.63,0.29,19.04
2025-11-27 12:03:36.438463,Product Launch,Facebook,North America,20245,654,66,900.94,3370.11,3.23,1.38,3.74
2025-11-27 12:03:36.438463,Product Launch,LinkedIn,North America,207669,2468,176,2745.83,19519.73,1.19,1.11,7.11
2025-11-27 12:03:36.438463,Holiday Sale,Facebook,Latin America,213539,7836,590,1969.57,74435.56,3.67,0.25,37.79
2025-11-27 12:03:36.438463,Holiday Sale,Instagram,Asia Pacific,292207,4674,330,3253.69,13886.72,1.6,0.7,4.27
2025-11-27 12:03:36.438463,Holiday Sale,Twitter,Europe,460299,16226,695,3529.36,25064.88,3.53,0.22,7.1
2025-11-28 12:03:36.438463,Brand Awareness,Twitter,Latin America,57287,2184,310,1478.19,35480.42,3.81,0.68,24.0
2025-11-28 12:03:36.438463,Brand Awareness,Google Ads,North America,239635,6529,813,2916.25,122062.53,2.72,0.45,41.86
2025-11-28 12:03:36.438463,Brand Awareness,Instagram,Asia Pacific,313265,10539,1149,3831.62,228486.85,3.36,0.36,59.63
2025-11-28 12:03:36.438463,Lead Generation,LinkedIn,Latin America,129828,2846,299,4367.7,54143.7,2.19,1.53,12.4
2025-11-28 12:03:36.438463,Lead Generation,TikTok,Asia Pacific,153312,4328,325,2631.98,31213.74,2.82,0.61,11.86
2025-11-28 12:03:36.438463,Retargeting,Facebook,Europe,263260,7419,763,3355.96,124700.58,2.82,0.45,37.16
2025-11-28 12:03:36.438463,Retargeting,LinkedIn,North America,246265,5354,562,4431.49,104901.13,2.17,0.83,23.67
2025-11-28 12:03:36.438463,Retargeting,Google Ads,North America,95579,2803,382,723.49,37944.39,2.93,0.26,52.45
2025-11-28 12:03:36.438463,Retargeting,Twitter,Europe,115820,3050,326,114.56,44394.67,2.63,0.04,387.52
2025-11-28 12:03:36.438463,Product Launch,Google Ads,North America,175073,8456,376,4475.66,14133.02,4.83,0.53,3.16
2025-11-28 12:03:36.438463,Product Launch,Facebook,North America,401102,4944,710,3914.26,75183.68,1.23,0.79,19.21
2025-11-28 12:03:36.438463,Product Launch,Instagram,North America,444167,16229,2248,716.49,52963.05,3.65,0.04,73.92
2025-11-28 12:03:36.438463,Product Launch,Twitter,North America,118400,4165,434,567.83,77922.26,3.52,0.14,137.23
2025-11-28 12:03:36.438463,Holiday Sale,TikTok,Asia Pacific,167312,3975,114,4098.53,9775.42,2.38,1.03,2.39
2025-11-28 12:03:36.438463,Holiday Sale,Facebook,Europe,26642,460,34,4828.51,4631.21,1.73,10.5,0.96
2025-11-28 12:03:36.438463,Holiday Sale,Instagram,Asia Pacific,173386,2203,75,3682.78,14016.62,1.27,1.67,3.81
2025-11-28 12:03:36.438463,Holiday Sale,LinkedIn,Europe,484474,15962,537,3337.75,51642.44,3.29,0.21,15.47
2025-11-29 12:03:36.438463,Brand Awareness,LinkedIn,Asia Pacific,93130,3876,300,1635.26,43677.39,4.16,0.42,26.71
2025-11-29 12:03:36.438463,Brand Awareness,Twitter,Asia Pacific,336725,13035,557,1781.36,107588.52,3.87,0.14,60.4
2025-11-29 12:03:36.438463,Brand Awareness,Facebook,Latin America,139816,5440,459,3068.19,89614.57,3.89,0.56,29.21
2025-11-29 12:03:36.438463,Lead Generation,LinkedIn,Europe,182016,6338,287,938.45,50609.65,3.48,0.15,53.93
2025-11-29 12:03:36.438463,Lead Generation,Facebook,Europe,123021,4839,409,3766.05,63274.13,3.93,0.78,16.8
2025-11-29 12:03:36.438463,Lead Generation,Twitter,North America,442924,4954,159,1860.0,24314.02,1.12,0.38,13.07
2025-11-29 12:03:36.438463,Lead Generation,TikTok,Latin America,269219,12605,315,3123.81,41907.87,4.68,0.25,13.42
2025-11-29 12:03:36.438463,Retargeting,Twitter,Asia Pacific,349466,6019,514,3762.24,71421.65,1.72,0.63,18.98
2025-11-29 12:03:36.438463,Retargeting,Instagram,Asia Pacific,215237,7980,278,2990.16,29860.5,3.71,0.37,9.99
2025-11-29 12:03:36.438463,Retargeting,Google Ads,North America,346771,12191,468,2139.75,33824.12,3.52,0.18,15.81
2025-11-29 12:03:36.438463,Retargeting,Facebook,North America,128215,3280,289,1043.11,17816.68,2.56,0.32,17.08
2025-11-29 12:03:36.438463,Product Launch,Twitter,Latin America,170926,3369,220,2337.99,30993.87,1.97,0.69,13.26
2025-11-29 12:03:36.438463,Product Launch,TikTok,North America,357874,9595,1394,1277.96,28058.76,2.68,0.13,21.96
2025-11-29 12:03:36.438463,Product Launch,LinkedIn,Europe,241276,2990,182,2660.29,16643.49,1.24,0.89,6.26
2025-11-29 12:03:36.438463,Product Launch,Facebook,Asia Pacific,27048,1186,177,3901.26,4603.99,4.38,3.29,1.18
2025-11-29 12:03:36.438463,Holiday Sale,Google Ads,Asia Pacific,417940,5653,699,2428.06,73172.43,1.35,0.43,30.14
2025-11-29 12:03:36.438463,Holiday Sale,Twitter,Europe,152315,6501,759,3957.54,79759.05,4.27,0.61,20.15
2025-11-29 12:03:36.438463,Holiday Sale,Facebook,Asia Pacific,451055,14819,1535,1205.58,256189.42,3.29,0.08,212.5
2025-11-29 12:03:36.438463,Holiday Sale,LinkedIn,Asia Pacific,158648,6771,512,3217.32,24693.89,4.27,0.48,7.68
2025-11-30 12:03:36.438463,Brand Awareness,Facebook,North America,385861,14794,1705,3888.58,149037.05,3.83,0.26,38.33
2025-11-30 12:03:36.438463,Brand Awareness,Twitter,Asia Pacific,356103,11500,688,3130.93,27777.58,3.23,0.27,8.87
2025-11-30 12:03:36.438463,Lead Generation,LinkedIn,Europe,320220,12512,293,3515.26,49363.19,3.91,0.28,14.04
2025-11-30 12:03:36.438463,Lead Generation,TikTok,Latin America,282532,7272,622,588.6,28695.06,2.57,0.08,48.75
2025-11-30 12:03:36.438463,Lead Generation,Twitter,Europe,24030,359,50,294.33,9267.32,1.49,0.82,31.49
2025-11-30 12:03:36.438463,Lead Generation,Google Ads,North America,142511,6697,740,4504.09,82495.91,4.7,0.67,18.32
2025-11-30 12:03:36.438463,Retargeting,LinkedIn,Europe,293915,7382,975,2905.35,167767.12,2.51,0.39,57.74
2025-11-30 12:03:36.438463,Retargeting,Twitter,Europe,322913,14904,821,2612.78,24286.9,4.62,0.18,9.3
2025-11-30 12:03:36.438463,Product Launch,LinkedIn,Europe,139295,4687,620,1184.34,114047.27,3.36,0.25,96.3
2025-11-30 12:03:36.438463,Product Launch,Facebook,Europe,37609,1086,44,1542.07,3260.64,2.89,1.42,2.11
2025-11-30 12:03:36.438463,Product Launch,TikTok,North America,466964,17118,2160,4739.41,64589.08,3.67,0.28,13.63
2025-11-30 12:03:36.438463,Product Launch,Google Ads,Latin America,225262,7963,1011,2747.9,150891.25,3.53,0.35,54.91
2025-11-30 12:03:36.438463,Holiday Sale,TikTok,Asia Pacific,390445,11318,1229,1013.51,47820.61,2.9,0.09,47.18
2025-11-30 12:03:36.438463,Holiday Sale,LinkedIn,Europe,420865,8011,539,3108.37,105754.04,1.9,0.39,34.02
2025-11-30 12:03:36.438463,Holiday Sale,Google Ads,Asia Pacific,403551,17779,1083,3550.39,53635.05,4.41,0.2,15.11
2025-11-30 12:03:36.438463,Holiday Sale,Facebook,Europe,148385,6765,600,1864.67,42520.13,4.56,0.28,22.8
2025-12-01 12:03:36.438463,Brand Awareness,Instagram,Asia Pacific,330920,6999,623,275.51,84643.39,2.12,0.04,307.22
2025-12-01 12:03:36.438463,Brand Awareness,Facebook,Asia Pacific,389378,17868,1999,870.77,200545.28,4.59,0.05,230.31
2025-12-01 12:03:36.438463,Lead Generation,TikTok,North America,184871,9143,386,136.1,25478.97,4.95,0.01,187.21
2025-12-01 12:03:36.438463,Lead Generation,LinkedIn,Latin America,199028,9620,786,150.43,96191.35,4.83,0.02,639.44
2025-12-01 12:03:36.438463,Lead Generation,Google Ads,Europe,153672,6186,141,1177.37,24917.51,4.03,0.19,21.16
2025-12-01 12:03:36.438463,Retargeting,Facebook,Latin America,383529,16204,2120,1138.44,49364.37,4.22,0.07,43.36
2025-12-01 12:03:36.438463,Retargeting,Instagram,Europe,123051,3390,275,2996.23,28381.53,2.75,0.88,9.47
2025-12-01 12:03:36.438463,Retargeting,TikTok,Europe,202085,4489,357,1228.75,16474.1,2.22,0.27,13.41
2025-12-01 12:03:36.438463,Product Launch,Twitter,North America,89120,1822,139,3232.03,2959.01,2.04,1.77,0.92
2025-12-01 12:03:36.438463,Product Launch,LinkedIn,North America,288799,9850,371,237.52,35633.49,3.41,0.02,150.02
2025-12-01 12:03:36.438463,Holiday Sale,TikTok,Latin America,102208,4174,378,4972.15,12958.29,4.08,1.19,2.61
2025-12-01 12:03:36.438463,Holiday Sale,Instagram,North America,98124,2857,75,1047.37,3373.14,2.91,0.37,3.22
2025-12-01 12:03:36.438463,Holiday Sale,Facebook,Europe,55578,2457,191,277.13,14746.98,4.42,0.11,53.21
2025-12-02 12:03:36.438463,Brand Awareness,LinkedIn,Europe,46401,1605,127,1288.1,17507.64,3.46,0.8,13.59
2025-12-02 12:03:36.438463,Brand Awareness,Twitter,Europe,400466,8955,558,3552.1,66735.36,2.24,0.4,18.79
2025-12-02 12:03:36.438463,Brand Awareness,Facebook,Latin America,123414,3490,135,4203.53,16643.46,2.83,1.2,3.96
2025-12-02 12:03:36.438463,Lead Generation,Facebook,Asia Pacific,154438,5303,445,3953.6,34316.98,3.43,0.75,8.68
2025-12-02 12:03:36.438463,Lead Generation,LinkedIn,North America,154679,2786,274,3908.02,12309.75,1.8,1.4,3.15
2025-12-02 12:03:36.438463,Retargeting,Facebook,North America,158152,3553,309,3613.65,34351.68,2.25,1.02,9.51
2025-12-02 12:03:36.438463,Retargeting,Twitter,Latin America,185805,2312,169,3521.36,10606.87,1.24,1.52,3.01
2025-12-02 12:03:36.438463,Product Launch,Facebook,Latin America,183782,6903,643,1646.91,44782.72,3.76,0.24,27.19
2025-12-02 12:03:36.438463,Product Launch,Instagram,Europe,95914,4392,620,3436.76,123324.06,4.58,0.78,35.88
2025-12-02 12:03:36.438463,Holiday Sale,TikTok,North America,150048,6860,683,850.82,20643.92,4.57,0.12,24.26
2025-12-02 12:03:36.438463,Holiday Sale,Facebook,North America,418730,11938,1318,856.04,79721.81,2.85,0.07,93.13
2025-12-03 12:03:36.438463,Brand Awareness,Facebook,Europe,292483,10309,405,3739.25,44781.56,3.52,0.36,11.98
2025-12-03 12:03:36.438463,Brand Awareness,LinkedIn,Latin America,121052,4323,527,2449.08,29521.94,3.57,0.57,12.05
2025-12-03 12:03:36.438463,Brand Awareness,TikTok,Europe,57319,1608,132,4965.74,9196.14,2.81,3.09,1.85
2025-12-03 12:03:36.438463,Brand Awareness,Twitter,Asia Pacific,154606,4605,301,1945.31,21357.44,2.98,0.42,10.98
2025-12-03 12:03:36.438463,Lead Generation,Google Ads,Asia Pacific,204900,8497,836,114.28,40980.61,4.15,0.01,358.6
2025-12-03 12:03:36.438463,Lead Generation,TikTok,Asia Pacific,396334,15423,1231,163.04,238980.59,3.89,0.01,1465.78
2025-12-03 12:03:36.438463,Retargeting,Google Ads,Latin America,448890,12330,465,4696.04,50862.44,2.75,0.38,10.83
2025-12-03 12:03:36.438463,Retargeting,Twitter,North America,68546,2348,284,862.58,20106.25,3.43,0.37,23.31
2025-12-03 12:03:36.438463,Product Launch,Facebook,Europe,285127,11807,1541,2106.21,221522.5,4.14,0.18,105.18
2025-12-03 12:03:36.438463,Product Launch,Instagram,Asia Pacific,122731,6134,871,1075.85,113809.32,5.0,0.18,105.79
2025-12-03 12:03:36.438463,Product Launch,Google Ads,Latin America,233934,4891,372,2422.69,48000.99,2.09,0.5,19.81
2025-12-03 12:03:36.438463,Holiday Sale,Facebook,Europe,328740,13208,851,1503.77,55596.32,4.02,0.11,36.97
2025-12-03 12:03:36.438463,Holiday Sale,Twitter,North America,166182,6065,737,382.08,125823.61,3.65,0.06,329.31
